java.util.AbstractCollection<E> , implements java.util.Collection
java.util.AbstractList<E> , implements java.util.Collection
java.util.AbstractQueue<E> , implements java.util.Collection
java.util.AbstractSequentialList<E> , implements java.util.Collection
java.util.AbstractSet<E> , implements java.util.Collection
java.util.concurrent.ArrayBlockingQueue<E> , implements java.util.Collection
java.util.ArrayDeque<E> , implements java.util.Collection
java.util.ArrayList<E> , implements java.util.Collection
javax.management.AttributeList , implements java.util.Collection
java.beans.beancontext.BeanContextServicesSupport , implements java.util.Collection
java.beans.beancontext.BeanContextSupport , implements java.util.Collection
java.util.concurrent.ConcurrentLinkedDeque<E> , implements java.util.Collection
java.util.concurrent.ConcurrentLinkedQueue<E> , implements java.util.Collection
java.util.concurrent.ConcurrentSkipListSet<E> , implements java.util.Collection
java.util.concurrent.CopyOnWriteArrayList<E> , implements java.util.Collection
java.util.concurrent.CopyOnWriteArraySet<E> , implements java.util.Collection
java.util.concurrent.DelayQueue<E extends Delayed> , implements java.util.Collection
java.util.EnumSet<E extends Enum<E>> , implements java.util.Collection
java.util.HashSet<E> , implements java.util.Collection
javax.print.attribute.standard.JobStateReasons , implements java.util.Collection
java.util.concurrent.LinkedBlockingDeque<E> , implements java.util.Collection
java.util.concurrent.LinkedBlockingQueue<E> , implements java.util.Collection
java.util.LinkedHashSet<E> , implements java.util.Collection
java.util.LinkedList<E> , implements java.util.Collection
java.util.concurrent.LinkedTransferQueue<E> , implements java.util.Collection
java.util.concurrent.PriorityBlockingQueue<E> , implements java.util.Collection
java.util.PriorityQueue<E> , implements java.util.Collection
javax.management.relation.RoleList , implements java.util.Collection
javax.management.relation.RoleUnresolvedList , implements java.util.Collection
java.util.Stack<E> , implements java.util.Collection
java.util.concurrent.SynchronousQueue<E> , implements java.util.Collection
java.util.TreeSet<E> , implements java.util.Collection
java.util.Vector<E> , implements java.util.Collection
java.util.AbstractList<E> , java.util.AbstractCollection<E>
java.util.AbstractQueue<E> , java.util.AbstractCollection<E>
java.util.AbstractSet<E> , java.util.AbstractCollection<E>
java.util.ArrayDeque<E> , java.util.AbstractCollection<E>
java.util.concurrent.ConcurrentLinkedDeque<E> , java.util.AbstractCollection<E>
java.util.AbstractSequentialList<E> , java.util.AbstractList<E>
java.util.ArrayList<E> , java.util.AbstractList<E>
java.util.Vector<E> , java.util.AbstractList<E>
java.util.LinkedList<E> , java.util.AbstractSequentialList<E>
javax.management.AttributeList , java.util.ArrayList<E>
javax.management.relation.RoleList , java.util.ArrayList<E>
javax.management.relation.RoleUnresolvedList , java.util.ArrayList<E>
. , java.beans.beancontext.BeanContextSupport
java.util.concurrent.ConcurrentSkipListSet<E> , java.util.AbstractSet<E>
java.util.concurrent.CopyOnWriteArraySet<E> , java.util.AbstractSet<E>
java.util.EnumSet<E extends Enum<E>> , java.util.AbstractSet<E>
java.util.HashSet<E> , java.util.AbstractSet<E>
java.util.TreeSet<E> , java.util.AbstractSet<E>
java.util.Stack<E> , java.util.Vector<E>
javax.print.attribute.standard.JobStateReasons , java.util.HashSet<E>
java.util.LinkedHashSet<E> , java.util.HashSet<E>
javax.print.attribute.standard.JobStateReasons , java.util.HashSet<E>
java.util.LinkedHashSet<E> , java.util.HashSet<E>
java.util.AbstractSequentialList<E> , java.util.AbstractList<E>
java.util.ArrayList<E> , java.util.AbstractList<E>
java.util.Vector<E> , java.util.AbstractList<E>
java.util.LinkedList<E> , java.util.AbstractSequentialList<E>
javax.management.AttributeList , java.util.ArrayList<E>
javax.management.relation.RoleList , java.util.ArrayList<E>
javax.management.relation.RoleUnresolvedList , java.util.ArrayList<E>
java.util.Stack<E> , java.util.Vector<E>
javax.management.AttributeList , java.util.ArrayList<E>
javax.management.relation.RoleList , java.util.ArrayList<E>
javax.management.relation.RoleUnresolvedList , java.util.ArrayList<E>
java.util.LinkedList<E> , java.util.AbstractSequentialList<E>
java.util.concurrent.ArrayBlockingQueue<E> , java.util.AbstractQueue<E>
java.util.concurrent.ConcurrentLinkedQueue<E> , java.util.AbstractQueue<E>
java.util.concurrent.DelayQueue<E extends Delayed> , java.util.AbstractQueue<E>
java.util.concurrent.LinkedBlockingDeque<E> , java.util.AbstractQueue<E>
java.util.concurrent.LinkedBlockingQueue<E> , java.util.AbstractQueue<E>
java.util.concurrent.LinkedTransferQueue<E> , java.util.AbstractQueue<E>
java.util.concurrent.PriorityBlockingQueue<E> , java.util.AbstractQueue<E>
java.util.PriorityQueue<E> , java.util.AbstractQueue<E>
java.util.concurrent.SynchronousQueue<E> , java.util.AbstractQueue<E>
java.util.concurrent.ArrayBlockingQueue<E> , java.util.AbstractQueue<E>
java.util.concurrent.ConcurrentLinkedQueue<E> , java.util.AbstractQueue<E>
java.util.concurrent.DelayQueue<E extends Delayed> , java.util.AbstractQueue<E>
java.util.concurrent.LinkedBlockingDeque<E> , java.util.AbstractQueue<E>
java.util.concurrent.LinkedBlockingQueue<E> , java.util.AbstractQueue<E>
java.util.concurrent.LinkedTransferQueue<E> , java.util.AbstractQueue<E>
java.util.concurrent.PriorityBlockingQueue<E> , java.util.AbstractQueue<E>
java.util.PriorityQueue<E> , java.util.AbstractQueue<E>
java.util.concurrent.SynchronousQueue<E> , java.util.AbstractQueue<E>
java.util.concurrent.ConcurrentSkipListSet<E> , java.util.AbstractSet<E>
java.util.concurrent.CopyOnWriteArraySet<E> , java.util.AbstractSet<E>
java.util.EnumSet<E extends Enum<E>> , java.util.AbstractSet<E>
java.util.HashSet<E> , java.util.AbstractSet<E>
java.util.TreeSet<E> , java.util.AbstractSet<E>
java.util.Stack<E> , java.util.Vector<E>
javax.print.attribute.standard.JobStateReasons , java.util.HashSet<E>
java.util.LinkedHashSet<E> , java.util.HashSet<E>
